id,name,read,pattern,sequence,feature_type,target_gene_name
280f842b1a44bd7d5a3e252a0f48dcc873de081d,gRNA_1,R2,TCCAGCATAGCTCTTAAAC(BC),TGACCATTCTCCGTTGACA,CRISPR Guide Capture,N/A
d7ca8fe622a5a22889dbec073820718667ae8f29,gRNA_2,R2,TCCAGCATAGCTCTTAAAC(BC),TATCGGGATTTACCACTGG,CRISPR Guide Capture,N/A
d52c5b8a13222cb6dbdf110e8228d98e33c22003,gRNA_3,R2,TCCAGCATAGCTCTTAAAC(BC),ACCTTAGTCCGCATAAGCC,CRISPR Guide Capture,N/A
c27c4d41df67fe293cdd2572bb283f48d4ee6672,gRNA_4,R2,TCCAGCATAGCTCTTAAAC(BC),TTTCGAGGTAGCATGCTGG,CRISPR Guide Capture,N/A
b08c345e8065356e616488d689109b75cebec1e1,gRNA_5,R2,TCCAGCATAGCTCTTAAAC(BC),CGACCCTTCTTGTTGCCAC,CRISPR Guide Capture,N/A
c8b26723c05e0bb099feff842d88e964c787b3ec,gRNA_6,R2,TCCAGCATAGCTCTTAAAC(BC),CATGTATGTTCCAATGAGT,CRISPR Guide Capture,N/A
c9c5e9e4691b9f61a28578b6c42f96c9dcf6113c,gRNA_7,R2,TCCAGCATAGCTCTTAAAC(BC),CTGAATTGCTTGTCGTCAA,CRISPR Guide Capture,N/A
267ee32980886a290798ffbb86a7bed98ee522cd,gRNA_8,R2,TCCAGCATAGCTCTTAAAC(BC),CCCAGAATTGATGTTAGAT,CRISPR Guide Capture,N/A
2c3d80861529cad67c8416a3e26b06c5af13bff8,gRNA_9,R2,TCCAGCATAGCTCTTAAAC(BC),AAGTGTCTTCAGCACACCG,CRISPR Guide Capture,N/A
c0b2942560272ee9a4005a3c0226355ae85b37df,gRNA_10,R2,TCCAGCATAGCTCTTAAAC(BC),AATCTGACCGCTAACTCTA,CRISPR Guide Capture,N/A
0927d1c29ade1ec36551dd08bd51c971e7567ef6,gRNA_11,R2,TCCAGCATAGCTCTTAAAC(BC),CTTCAAGCGGTGACATGGG,CRISPR Guide Capture,N/A
04f4fc6ce616d3254c3482080fa25e6139448859,gRNA_12,R2,TCCAGCATAGCTCTTAAAC(BC),TGATCTACTTCTGTCCTTA,CRISPR Guide Capture,N/A
f2236de01b1962c1f3bba731392284716d020ec3,gRNA_13,R2,TCCAGCATAGCTCTTAAAC(BC),TCGGGTGCAAGAACTCTGG,CRISPR Guide Capture,N/A
08fcc9ddddf15f4a3e728c213d67632aa15a7a33,gRNA_14,R2,TCCAGCATAGCTCTTAAAC(BC),ATATAATAAGGTGCCGGTC,CRISPR Guide Capture,N/A
a40caf86254ebb0a578eadb82534b9d51f395631,gRNA_15,R2,TCCAGCATAGCTCTTAAAC(BC),TCTCACTCTAAAGGACGCC,CRISPR Guide Capture,N/A
bc72ca4c6dcaa937aaa11aa0012f381e93efa204,gRNA_16,R2,TCCAGCATAGCTCTTAAAC(BC),GCGGGTAAATCCGTTAGCC,CRISPR Guide Capture,N/A
d15d21ebb1d00aafee0436bc4ed2698065f2eb66,gRNA_17,R2,TCCAGCATAGCTCTTAAAC(BC),TCCTTAGTGTGGATCGATC,CRISPR Guide Capture,N/A
8e48b3ec04ea04530d5e88cc88420b4dc18bc569,gRNA_18,R2,TCCAGCATAGCTCTTAAAC(BC),TTCTCGTGACCCTATCGAC,CRISPR Guide Capture,N/A
9e5a4eb867be9231fee4cf4c4b935a0b596531cb,gRNA_19,R2,TCCAGCATAGCTCTTAAAC(BC),TTAATCTCGGCCATCAGGT,CRISPR Guide Capture,N/A
4e2e4f56c4700ce143d2660d779bcb07231653fa,gRNA_20,R2,TCCAGCATAGCTCTTAAAC(BC),ACTGGTGAGATGGAGCTCG,CRISPR Guide Capture,N/A
3694f4b42af09f25b7e94e376207d17fb526996e,gRNA_21,R2,TCCAGCATAGCTCTTAAAC(BC),TCACGTGCCGGTGAGATCA,CRISPR Guide Capture,N/A
619072c500febd03c24761129294efdcd2ff7919,gRNA_22,R2,TCCAGCATAGCTCTTAAAC(BC),CCATAATCGTTCTTTCTAC,CRISPR Guide Capture,N/A
1464c99ddd424d94438fff0f66acc4618ce6bd07,gRNA_23,R2,TCCAGCATAGCTCTTAAAC(BC),TACGGATCCGTGCCTCTGA,CRISPR Guide Capture,N/A
a98c3997f795e04e564934b8a36c11c827aaaf03,gRNA_24,R2,TCCAGCATAGCTCTTAAAC(BC),CGGATAGAAAGACCTGAGG,CRISPR Guide Capture,N/A
035b24bb2f5d8ebade36ae37cd9281ead6da6b52,gRNA_25,R2,TCCAGCATAGCTCTTAAAC(BC),GAGATAGGGTTCTTCGTAC,CRISPR Guide Capture,N/A
459e9fc79675a28fbb97bb6c21f9879ec23aa83f,gRNA_26,R2,TCCAGCATAGCTCTTAAAC(BC),CTATGGGATACTGCCATGC,CRISPR Guide Capture,N/A
7002d49cd2f050478f6b0b5ec83e392ac1942e2f,gRNA_27,R2,TCCAGCATAGCTCTTAAAC(BC),GGAAAGGTGTCGGATCACA,CRISPR Guide Capture,N/A
05ce3c4f51805e475f1703faad2fa2ed03627b13,gRNA_28,R2,TCCAGCATAGCTCTTAAAC(BC),TATCTCAGGCTAACGGTCT,CRISPR Guide Capture,N/A
7a1c2b0c84ea373acf0c75b04c05aab7d04602bf,gRNA_29,R2,TCCAGCATAGCTCTTAAAC(BC),TACGAGATACCCGGGCTGA,CRISPR Guide Capture,N/A
b06acbb265baf37d77d8b6ef7ae62c900d40f0c9,gRNA_30,R2,TCCAGCATAGCTCTTAAAC(BC),CATAGTATACGGGTTTAAG,CRISPR Guide Capture,N/A
4d85a35c5604914e29b233f1542e1c79177b136e,gRNA_31,R2,TCCAGCATAGCTCTTAAAC(BC),ACTGGTTTCCAACGTAGGG,CRISPR Guide Capture,N/A
6fe50766f0dd13e1f5e034bd42387be5f58728a8,gRNA_32,R2,TCCAGCATAGCTCTTAAAC(BC),CTACCTGAGAGTGGCGACT,CRISPR Guide Capture,N/A
ab47d4a8bc62fe5bc50ba2b04b995b7d3938ccbb,gRNA_33,R2,TCCAGCATAGCTCTTAAAC(BC),ACCATCAAGTTAAGGCGAG,CRISPR Guide Capture,N/A
ce63bcc411df447d1abdee164e7f96bf851e7cb2,gRNA_34,R2,TCCAGCATAGCTCTTAAAC(BC),TCTTATAGGCTAGAGCGGG,CRISPR Guide Capture,N/A
6e70132dd48df5ad2ece3212c1d0530a363dbfec,gRNA_35,R2,TCCAGCATAGCTCTTAAAC(BC),CTACAAGCTTGGTGGTGGA,CRISPR Guide Capture,N/A
6a9b8b1282da9517d00ccfe34cff940acd35cf69,gRNA_36,R2,TCCAGCATAGCTCTTAAAC(BC),CTGTTGATAAAGTGCGGAC,CRISPR Guide Capture,N/A
b794b4127e729a5e8d3debdcc2bbc240e2046814,gRNA_37,R2,TCCAGCATAGCTCTTAAAC(BC),TCAGAGGTAACCTGCCGAT,CRISPR Guide Capture,N/A
c41acdac1eaec1950136f79c9f2fad6cabdf9e59,gRNA_38,R2,TCCAGCATAGCTCTTAAAC(BC),ACGCGTACTTGTTGATGCA,CRISPR Guide Capture,N/A
67dd04bae12d7d55c1630ff9288bbc34b2f2559c,gRNA_39,R2,TCCAGCATAGCTCTTAAAC(BC),CGAGTTTAACTTAGCTGTA,CRISPR Guide Capture,N/A
064c56988025b31905d7fcafd368df881e3696d6,gRNA_90,R2,TCCAGCATAGCTCTTAAAC(BC),ATTCAGGACAAAGGTAACT,CRISPR Guide Capture,ADH7
f18d6b4457ab9c23a7d53e8a723a44e43380f22e,gRNA_91,R2,TCCAGCATAGCTCTTAAAC(BC),CTGTCCTGAAAGGTACCAC,CRISPR Guide Capture,C8B
7990507ce1136251fdd139aa1e72f6d15dc84919,gRNA_92,R2,TCCAGCATAGCTCTTAAAC(BC),ATATATTTTTAGGTGAGTG,CRISPR Guide Capture,DGAT2L6
46283773a6ad32effa2c51547e523f384247ab96,gRNA_93,R2,TCCAGCATAGCTCTTAAAC(BC),ACCACCCACGGAGTAAGGG,CRISPR Guide Capture,KLK12
7ebe5af06508f48b78d34673b4ce53e75934ac40,gRNA_94,R2,TCCAGCATAGCTCTTAAAC(BC),TATTTGTGATGTTCTGTAA,CRISPR Guide Capture,PDILT
b49b5b65d3d5d33c63e6bd85a53c08f5b4bea147,gRNA_95,R2,TCCAGCATAGCTCTTAAAC(BC),TCAAGAACCTCCAGGTAGG,CRISPR Guide Capture,PLA2G2F
512bda45a4ddc761e8379c887cbcd88c620529e4,gRNA_96,R2,TCCAGCATAGCTCTTAAAC(BC),TTTTTTGATTCCAGGTTAG,CRISPR Guide Capture,RNF17
eff747ee49b30d4170b859bd13a3c6f2df8b5d22,gRNA_97,R2,TCCAGCATAGCTCTTAAAC(BC),TACTACAGAAGGGGTAAAT,CRISPR Guide Capture,SERPINA7
9d5607b647525d2746c7c37cabfc31b2ac9fbe8a,gRNA_98,R2,TCCAGCATAGCTCTTAAAC(BC),TGGCAGCTCAACAGTGAGT,CRISPR Guide Capture,TPH2
e87851509f9525b69bd860388e263599b2022eb0,gRNA_99,R2,TCCAGCATAGCTCTTAAAC(BC),GAGGCTCTTTCAGGTGAAT,CRISPR Guide Capture,TPH2
19f416353a26204bd5f4dcb036856d8f10cfe342,gRNA_100,R2,TCCAGCATAGCTCTTAAAC(BC),CTGCATAATTCTAGTAAGT,CRISPR Guide Capture,APOBEC1
54526c0366055ac5ff0ba05dfbcd693863f6f77e,gRNA_101,R2,TCCAGCATAGCTCTTAAAC(BC),ACTGCCTCACCATGGGTAG,CRISPR Guide Capture,GSX2
b51ce00d0dca610791e28092d7a34c888b8ad30f,gRNA_102,R2,TCCAGCATAGCTCTTAAAC(BC),GAAGCTGTGGAGGTGGGTA,CRISPR Guide Capture,HTR5A
bad4677b0a580aea6c570afa6495f7a7f2429e0d,gRNA_103,R2,TCCAGCATAGCTCTTAAAC(BC),GAGGTCCGGGTCCAGGTAA,CRISPR Guide Capture,RAX
68485e93b35771bbb9b563395225c114318e475a,gRNA_104,R2,TCCAGCATAGCTCTTAAAC(BC),ATTTGTGAGAAAGGTAAGA,CRISPR Guide Capture,SPEM1
b2f07dc1888bfbfeb574baafd631d4507f1c4139,gRNA_111,R2,TCCAGCATAGCTCTTAAAC(BC),AAATATAGTCAGGTATGTT,CRISPR Guide Capture,CDK1
b21d53249a605ec59dfc9e11a23edcb723a825b4,gRNA_112,R2,TCCAGCATAGCTCTTAAAC(BC),GTCAGGTTTCAAGGTACAG,CRISPR Guide Capture,COPB2
85faa7f0e80ffaa4a4102e3c89ea052fb76ad568,gRNA_113,R2,TCCAGCATAGCTCTTAAAC(BC),ATGCAAATGCTTAAGGTAA,CRISPR Guide Capture,DONSON
7b7f6eb60838c17cfbdeaacfd7652a48cba4184b,gRNA_114,R2,TCCAGCATAGCTCTTAAAC(BC),TGCTCCTTCTGTGGTAAGG,CRISPR Guide Capture,DTL
fc66c5e952d9e544194e23be301db58821869472,gRNA_115,R2,TCCAGCATAGCTCTTAAAC(BC),CACATACCTCAGGTGACTA,CRISPR Guide Capture,EIF2S1
6adc041c4c549aaabc4b5adb30facde2896da635,gRNA_116,R2,TCCAGCATAGCTCTTAAAC(BC),GGTCGGGCGCCAGGTGGGT,CRISPR Guide Capture,EIF4A3
9b654b5c5f89ebf4f977a536cfb3e078eb8bcfbc,gRNA_117,R2,TCCAGCATAGCTCTTAAAC(BC),TTACGACGGCATGGTAAGA,CRISPR Guide Capture,HNRNPK
77070e2f751cfcfa9d1ec08e2aed55c54516a952,gRNA_118,R2,TCCAGCATAGCTCTTAAAC(BC),AAGAAGAGCCAGGTAAGAG,CRISPR Guide Capture,HSPA9
cc5744bdbd50887002910f7a067bbd48ef6622d8,gRNA_119,R2,TCCAGCATAGCTCTTAAAC(BC),ACCAAGAAGAGCCAGGTAA,CRISPR Guide Capture,HSPA9
f309a1f0e5677f16700609895d4324dbfe2e43c3,gRNA_120,R2,TCCAGCATAGCTCTTAAAC(BC),GTGGAGAACCTGGTGCGTG,CRISPR Guide Capture,KPNB1
bba7fdfcdec7195ffa1989bd5504a97b492d2d8d,gRNA_121,R2,TCCAGCATAGCTCTTAAAC(BC),TTCTGTGGATCAGGTGAGA,CRISPR Guide Capture,LSM2
df9b44322bae31da950facfd224499d9358c8aaa,gRNA_122,R2,TCCAGCATAGCTCTTAAAC(BC),TGCAGTCGGATGATGTGAG,CRISPR Guide Capture,MAK16
23e9cc9d7d5bf6a39718c18513889e7d4d8c6818,gRNA_123,R2,TCCAGCATAGCTCTTAAAC(BC),CTACCTCACCCAGGTCGGT,CRISPR Guide Capture,MED11
0e6097276b80e834ce435be312aa8c888000d527,gRNA_124,R2,TCCAGCATAGCTCTTAAAC(BC),TTGGGTGTATCATGTAAGT,CRISPR Guide Capture,PLK1
7810be6ad2baccd592e473cf03b413d306620aef,gRNA_125,R2,TCCAGCATAGCTCTTAAAC(BC),ATTGGGTGTATCATGTAAG,CRISPR Guide Capture,PLK1
9719c22a290e8510e19e139b2a1c2109a2585a7a,gRNA_126,R2,TCCAGCATAGCTCTTAAAC(BC),CCTCCGATGATCAGGTGCG,CRISPR Guide Capture,PRPF19
a0197bf7c89545e0d9e94c13b3c216bc64c144ab,gRNA_127,R2,TCCAGCATAGCTCTTAAAC(BC),GAGAAAGGCACAGGTATAT,CRISPR Guide Capture,PSMA1
079e207f69713e6cfeacffd0365b634f57ef799c,gRNA_128,R2,TCCAGCATAGCTCTTAAAC(BC),ATCACGCGGACCCAGTAAG,CRISPR Guide Capture,PSMB4
b9f39d6426c3e1cf0bd42b1a06003c98c4115985,gRNA_129,R2,TCCAGCATAGCTCTTAAAC(BC),AGGTCCAGTTCAAAGTAGG,CRISPR Guide Capture,RAN
d3d88c9fe7726f41a4648a779d669a659d9f0928,gRNA_130,R2,TCCAGCATAGCTCTTAAAC(BC),CAGGTCCAGTTCAAAGTAG,CRISPR Guide Capture,RAN
8419d38caaaf4e758deced0af2a1802e9123764f,gRNA_131,R2,TCCAGCATAGCTCTTAAAC(BC),CTGAAAGACGGAAGGTATG,CRISPR Guide Capture,RPA1
119cf062316b1e48440b9a4d187bc722ad56ffea,gRNA_132,R2,TCCAGCATAGCTCTTAAAC(BC),GAGAACTCTCTGGTAAGAG,CRISPR Guide Capture,RPL12
228fa07bee08dad073fe714999dbd64479c2d1cb,gRNA_133,R2,TCCAGCATAGCTCTTAAAC(BC),GGAGGAGCTCAGGGTGAGT,CRISPR Guide Capture,RPL13
24cb38166eaf5e36c8240fb08b43a311b15ac0d2,gRNA_134,R2,TCCAGCATAGCTCTTAAAC(BC),AGTTTCCGCACAGGTAACT,CRISPR Guide Capture,RPL14
7e6304c47246a1032c32b9681f2dd59450aaeddd,gRNA_135,R2,TCCAGCATAGCTCTTAAAC(BC),GTCCTGCTCTCCGGTGAGT,CRISPR Guide Capture,RPL18
621731935e60b72d146732e0ed4141c74f6397ac,gRNA_136,R2,TCCAGCATAGCTCTTAAAC(BC),AAAGCCTTAGACAAGTACG,CRISPR Guide Capture,RPS12
c42139612e8d999db85554b27f34f6f5ccc82b79,gRNA_137,R2,TCCAGCATAGCTCTTAAAC(BC),TGTGCTGCAGCCATGGTAA,CRISPR Guide Capture,RPS18
807c387fda52cbec2d402ff0abbc991b7be9288b,gRNA_138,R2,TCCAGCATAGCTCTTAAAC(BC),TGAGGAGGCCAAGGTGAGT,CRISPR Guide Capture,RPS4X
4ceddec0b4ab772f24935179989f61630b3226b6,gRNA_139,R2,TCCAGCATAGCTCTTAAAC(BC),TGGGGCTCAGAGTGTGAGT,CRISPR Guide Capture,RPS8
05beb2482072e64c8655e54c455f6d1bad3ad2bb,gRNA_140,R2,TCCAGCATAGCTCTTAAAC(BC),ACAACAGAATATGGTACGT,CRISPR Guide Capture,SNRPA1
76b2db12b8b32fbefebe5274ace344ebd6d545c4,gRNA_141,R2,TCCAGCATAGCTCTTAAAC(BC),CCACCTCGTCGCAGGTACT,CRISPR Guide Capture,SRSF3
6ee15f0f191e4e6ae611dba1d0813a727d4f7428,gRNA_142,R2,TCCAGCATAGCTCTTAAAC(BC),CGGAGAGCAGCAAGTAAGG,CRISPR Guide Capture,TOP2A
168b37f8feb316623f5572f7858f7d6ffd9b673d,gRNA_143,R2,TCCAGCATAGCTCTTAAAC(BC),TAGTGGTTTCCAGGTATCT,CRISPR Guide Capture,UBA1
2e9827a2d92a6df2ea69026c7e60f249eceae8cd,gRNA_144,R2,TCCAGCATAGCTCTTAAAC(BC),TTAGTGGTTTCCAGGTATC,CRISPR Guide Capture,UBA1
70800025342946a05ab2562536f38c083a7f512f,gRNA_145,R2,TCCAGCATAGCTCTTAAAC(BC),CATCTATCAGTGGGTGAGA,CRISPR Guide Capture,VPS25
1f71167cbeeb69eefca4312935d9f0ec163f88e0,gRNA_146,R2,TCCAGCATAGCTCTTAAAC(BC),CAGCTGCCTGGTGTAAGTA,CRISPR Guide Capture,ERH
c44739448e0684e1eb52d3569d1e776836b4857c,gRNA_147,R2,TCCAGCATAGCTCTTAAAC(BC),GCTTTCAGCATGCAAGTAG,CRISPR Guide Capture,ORC6
ed9ebf7c1a919e9b5b462659c600ed14864e39fa,gRNA_148,R2,TCCAGCATAGCTCTTAAAC(BC),ACTTGGAATTCCAGTGAGT,CRISPR Guide Capture,PCNA
5242586f8b85617442cd082a0bb88fe617888972,gRNA_149,R2,TCCAGCATAGCTCTTAAAC(BC),GAAGAAAGTACCTGTAAGT,CRISPR Guide Capture,PSMA6
3dff1c681ca1ea722b3ffafdd01c1c11a368e3ce,gRNA_150,R2,TCCAGCATAGCTCTTAAAC(BC),GTCACCCAGTGCTGTAAGC,CRISPR Guide Capture,RPL18A
243b29ce0ba5008a3e3e35003c0ad7c52768147d,gRNA_151,R2,TCCAGCATAGCTCTTAAAC(BC),TTCTGTGGCAAAGTAAGTA,CRISPR Guide Capture,RPL37A
36ed1d14bd0dd9d3ecaae9b18a4e1277f93e06c2,gRNA_152,R2,TCCAGCATAGCTCTTAAAC(BC),ACACGCGAGCTGGTGAGGA,CRISPR Guide Capture,RPS19
b2a171aeb03e6bde01f207b3488061237ee0bcba,gRNA_153,R2,TCCAGCATAGCTCTTAAAC(BC),GAATCGCCGGACAGGTAAG,CRISPR Guide Capture,RPS19
6c142e9b54c3a29c949fb860c4b8a6d1f46ed421,gRNA_154,R2,TCCAGCATAGCTCTTAAAC(BC),CGCGCAACAGCCATGGTGA,CRISPR Guide Capture,RPS20
ff60dbcf45afd96d3e985519d902bed9085a5ad3,gRNA_155,R2,TCCAGCATAGCTCTTAAAC(BC),AATGCCTACCAAGGTAAAG,CRISPR Guide Capture,RPS20
7cfdca150d78c5074f2d91223b5a93a98a80d743,gRNA_156,R2,TCCAGCATAGCTCTTAAAC(BC),TGGAACAATCACAGGTACG,CRISPR Guide Capture,SNRPD1
1944368832a62dbf4533c9bd01413794f439eb63,gRNA_157,R2,TCCAGCATAGCTCTTAAAC(BC),ACATGAACTGCCAGGTATT,CRISPR Guide Capture,SNRPD3
19397369281493d0989e45ef6aa1e09a0e0183b9,gRNA_173,R2,TCCAGCATAGCTCTTAAAC(BC),GGCCGCGCTGCGTGCGCTG,CRISPR Guide Capture,AKT1
f71a1af278d45e2444c8048427ab2c05524c0418,gRNA_174,R2,TCCAGCATAGCTCTTAAAC(BC),CCGGGCCGCCGCGTCCGGG,CRISPR Guide Capture,AKT1
9043041874e904dacd6bb1d52e8e0522134e539f,gRNA_175,R2,TCCAGCATAGCTCTTAAAC(BC),AGCCCCCACCAGTCCACTG,CRISPR Guide Capture,AKT1
9d85b3b4cee10fa36b4d5e2a0d13e88e6359badb,gRNA_176,R2,TCCAGCATAGCTCTTAAAC(BC),GTCCCACTGGGTAAACCCT,CRISPR Guide Capture,AKT1
1d35d7bc3de3b4aac5069b9762ba48ef4faed2b0,gRNA_177,R2,TCCAGCATAGCTCTTAAAC(BC),AGCTCCCACCCCACGGCCC,CRISPR Guide Capture,BCL2
1e8877883d6cc756b3e07a9bd1e4234f8db6dce0,gRNA_178,R2,TCCAGCATAGCTCTTAAAC(BC),TCGCCGGCCTGGCGGAGGG,CRISPR Guide Capture,BCL2
617d68a11f0ec07d4b2b3caaae810c46affed2de,gRNA_179,R2,TCCAGCATAGCTCTTAAAC(BC),CCTACTTCATTTTTGAAGG,CRISPR Guide Capture,BRAF
6737b2ac730c6a58599277a2e74342c7a06431bc,gRNA_180,R2,TCCAGCATAGCTCTTAAAC(BC),CTGGCCAAGCTACAAATCA,CRISPR Guide Capture,BRAF
757e1a55a8fe9836ca632f5cbc21ce652326c017,gRNA_181,R2,TCCAGCATAGCTCTTAAAC(BC),AACATTTTAGCAGAAATCA,CRISPR Guide Capture,BRAF
a33ca2461a2a7ef4078a591c43bb88e02c0c2841,gRNA_182,R2,TCCAGCATAGCTCTTAAAC(BC),CAGGAAGAAAGAGGAGAGA,CRISPR Guide Capture,BRAF
0d78303f3642275fbaf7a54047d7b8949eb2fd91,gRNA_183,R2,TCCAGCATAGCTCTTAAAC(BC),TTTTAGGTGATGTGGCAGT,CRISPR Guide Capture,BRAF
82dc01c1370b9615c1c25c4711aef34db87a3e7a,gRNA_184,R2,TCCAGCATAGCTCTTAAAC(BC),AGACCGATCCTCATCAGCT,CRISPR Guide Capture,BRAF
5802f4a1cceb7be4cf51822898919c167c428c23,gRNA_185,R2,TCCAGCATAGCTCTTAAAC(BC),ACGAGACCGATCCTCATCA,CRISPR Guide Capture,BRAF
1f42d3d533da4e793d9ccef0a3fc5a6c5d7e8506,gRNA_186,R2,TCCAGCATAGCTCTTAAAC(BC),AGCTTCAGATGTGGTCTTT,CRISPR Guide Capture,EGFR
82b4af035c1fb1e0a3df5aed0cb455720652cdd5,gRNA_187,R2,TCCAGCATAGCTCTTAAAC(BC),CCAGAGTGATGTCTGGAGC,CRISPR Guide Capture,EGFR
82f3b9edcbfe372353ec6b54fad5c5a985671c52,gRNA_188,R2,TCCAGCATAGCTCTTAAAC(BC),AATGTAGTGGTCAGTTTTC,CRISPR Guide Capture,EGFR
1c397e0ba805fb3a75a0b3808163e1f32e90e6d3,gRNA_189,R2,TCCAGCATAGCTCTTAAAC(BC),CATACTCCTCCTCTGGATC,CRISPR Guide Capture,EGFR
490d487e6046d7796701f39a9d663d0edebe2b7f,gRNA_190,R2,TCCAGCATAGCTCTTAAAC(BC),CTTCGGGGAGCAGCGATGC,CRISPR Guide Capture,EGFR
0b880ef5edbd3c975e6d28f61c7f85b1c53c5e6e,gRNA_191,R2,TCCAGCATAGCTCTTAAAC(BC),TTACGGTTTTCAGAATATC,CRISPR Guide Capture,EGFR
cd8f824633595c0641b09d4eeaab4517bc885c00,gRNA_192,R2,TCCAGCATAGCTCTTAAAC(BC),GTTTTCACCTCTGTTGCTT,CRISPR Guide Capture,EGFR
2935b949a120e0cd97abfa3d7e86f8c0ceef613c,gRNA_193,R2,TCCAGCATAGCTCTTAAAC(BC),GTACTCCTCTTGACCTGCT,CRISPR Guide Capture,KRAS
71f09c4d0cda0545922e72e89d9d7cbbf0eb3202,gRNA_194,R2,TCCAGCATAGCTCTTAAAC(BC),CTGTACTCCTCTTGACCTG,CRISPR Guide Capture,KRAS
33f23da7a6bbe0536e27f30122f4ef6f2bb6ad33,gRNA_195,R2,TCCAGCATAGCTCTTAAAC(BC),AGAAGGCAAATCACATTTA,CRISPR Guide Capture,KRAS
f379ae3ad896a586b4439578a01c9ed19bcb2a40,gRNA_196,R2,TCCAGCATAGCTCTTAAAC(BC),TTGGGGTCAGCGGGCAGCT,CRISPR Guide Capture,MAP2K1
181175df37c32765a8a274124f558d8d8ac9258f,gRNA_197,R2,TCCAGCATAGCTCTTAAAC(BC),GTGACTTTGGGGTCAGCGG,CRISPR Guide Capture,MAP2K1
89a917526a16313904408fa2afbe22ce5622d94c,gRNA_198,R2,TCCAGCATAGCTCTTAAAC(BC),GCAGATGTCAAGCCCTCCA,CRISPR Guide Capture,MAP2K1
a2b2c6787dcc873d38c261b7f214006e29e2b855,gRNA_199,R2,TCCAGCATAGCTCTTAAAC(BC),TGCAGATGTCAAGCCCTCC,CRISPR Guide Capture,MAP2K1
18db13e7e780421ff6f5b4f75713e2508a887f66,gRNA_200,R2,TCCAGCATAGCTCTTAAAC(BC),CTGCAGATGTCAAGCCCTC,CRISPR Guide Capture,MAP2K1
51a968398612133f4af05f563f69f4905f136ca9,gRNA_201,R2,TCCAGCATAGCTCTTAAAC(BC),TCGTGGGCTTCTATGGTGC,CRISPR Guide Capture,MAP2K1
c1f6cb8bd061767991cf836d2863097b1aec54b0,gRNA_202,R2,TCCAGCATAGCTCTTAAAC(BC),GTACATCGTGGGCTTCTAT,CRISPR Guide Capture,MAP2K1
f5d639b88ab234f1164361fc77de6ee54a0863bd,gRNA_203,R2,TCCAGCATAGCTCTTAAAC(BC),CTCCGTACATCGTGGGCTT,CRISPR Guide Capture,MAP2K1
365ac44124defbbf6edde8430dbe0830330bf2fe,gRNA_204,R2,TCCAGCATAGCTCTTAAAC(BC),GATCATAAGGGAGCTGCAG,CRISPR Guide Capture,MAP2K1
3e567047acf1e6ce9779529d57f7f3b5903388d1,gRNA_205,R2,TCCAGCATAGCTCTTAAAC(BC),AGATCATAAGGGAGCTGCA,CRISPR Guide Capture,MAP2K1
e9c32c7cbc4ef9bc3d88a730571f12384a9e3a3c,gRNA_206,R2,TCCAGCATAGCTCTTAAAC(BC),ATCCGGAACCAGATCATAA,CRISPR Guide Capture,MAP2K1
f9cb31cf9d4aff2dc59e66162785dfda91db1f21,gRNA_207,R2,TCCAGCATAGCTCTTAAAC(BC),CAATCCGGAACCAGATCAT,CRISPR Guide Capture,MAP2K1
eb7d3878184a9805ed3cb1f76b152e46535f1852,gRNA_208,R2,TCCAGCATAGCTCTTAAAC(BC),GCAATCCGGAACCAGATCA,CRISPR Guide Capture,MAP2K1
6c2ca295d48aae825e75bd15582a63769f34dd5e,gRNA_209,R2,TCCAGCATAGCTCTTAAAC(BC),TTCTCCAGCTAATTCATCT,CRISPR Guide Capture,MAP2K1
9f41ab265d3fbb76e2580b1d91b6b0a7c2c356d7,gRNA_210,R2,TCCAGCATAGCTCTTAAAC(BC),TTTCTCCAGCTAATTCATC,CRISPR Guide Capture,MAP2K1
23b65b21ba7f1d9233b614c14c1ee6b27e468d66,gRNA_211,R2,TCCAGCATAGCTCTTAAAC(BC),CCTTTCTCCAGCTAATTCA,CRISPR Guide Capture,MAP2K1
a887e8d90fb367f38ac9b9c6bf1c341683cdc63a,gRNA_212,R2,TCCAGCATAGCTCTTAAAC(BC),AAAGCGCCTTGAGGCCTTT,CRISPR Guide Capture,MAP2K1
c39ec1314ba6bbc4b409222f5ebed5c7acbe1b43,gRNA_213,R2,TCCAGCATAGCTCTTAAAC(BC),GGCTGAACGTGCGGTTCGG,CRISPR Guide Capture,MAP2K1
273ccb09d6cdb942cf7785111630130d17ccc8cf,gRNA_214,R2,TCCAGCATAGCTCTTAAAC(BC),AGGCGCTTTCGCTGCTGCT,CRISPR Guide Capture,MAP2K1
d8f85567a3bf84667d7322b6f61ca37372bb3f8b,gRNA_215,R2,TCCAGCATAGCTCTTAAAC(BC),CCCACCTTCTGCTTCTGGG,CRISPR Guide Capture,MAP2K1
01c79e57eb559a44b1eb6f6b679563da8f7cc5cc,gRNA_216,R2,TCCAGCATAGCTCTTAAAC(BC),GAGAGTTGCACTCATGCAG,CRISPR Guide Capture,MAP2K1
fd2674cdf4174ac796568881aafe01818bf419ef,gRNA_217,R2,TCCAGCATAGCTCTTAAAC(BC),ATGTACGGAGAGTTGCACT,CRISPR Guide Capture,MAP2K1
8db4aecc018860f7cfe329b3a5195cce25aaab95,gRNA_218,R2,TCCAGCATAGCTCTTAAAC(BC),GTAGAACGCACCATAGAAG,CRISPR Guide Capture,MAP2K1
4802a927321be41f586694256700786cbcea0113,gRNA_219,R2,TCCAGCATAGCTCTTAAAC(BC),CTGTAGAACGCACCATAGA,CRISPR Guide Capture,MAP2K1
ae4498984da13124c75e6b06e17051dea2f92d18,gRNA_220,R2,TCCAGCATAGCTCTTAAAC(BC),GAGCTTGATCTCCCCACGG,CRISPR Guide Capture,MAP2K1
2b89799716ccfb3d3099c6d310485f824538ff13,gRNA_221,R2,TCCAGCATAGCTCTTAAAC(BC),GCGAGTTGCATTCGTGCAG,CRISPR Guide Capture,MAP2K2
fdb5ed3d7d0f21d655ab47d82c092225ed009b21,gRNA_222,R2,TCCAGCATAGCTCTTAAAC(BC),TCGTGGGCTTCTACGGGGC,CRISPR Guide Capture,MAP2K2
4d62cea5152e0a93ac6915239a89721816cc9664,gRNA_223,R2,TCCAGCATAGCTCTTAAAC(BC),GTACATCGTGGGCTTCTAC,CRISPR Guide Capture,MAP2K2
e085292612fb704d6ea3b7263a865f28501d1f51,gRNA_224,R2,TCCAGCATAGCTCTTAAAC(BC),CGCCGTACATCGTGGGCTT,CRISPR Guide Capture,MAP2K2
32563f58ef9f6c325e3a66739ad72ad3c010d45a,gRNA_225,R2,TCCAGCATAGCTCTTAAAC(BC),CCTATGAACTTGTTTCAAA,CRISPR Guide Capture,MYC
a74646947e9b2a3e893f7463de7c99b1cdfe8c34,gRNA_226,R2,TCCAGCATAGCTCTTAAAC(BC),GGCCGCCCGCTCGCTCCCT,CRISPR Guide Capture,MYC
4f46df73115960c7e917e6759d0f1f049c358148,gRNA_227,R2,TCCAGCATAGCTCTTAAAC(BC),CCCTTCCCAGGACGCCCGC,CRISPR Guide Capture,MYC
dfb73a64df6a72f689d445967aa336618f73bf1c,gRNA_228,R2,TCCAGCATAGCTCTTAAAC(BC),GCCAGAGCCGCCACCGAAC,CRISPR Guide Capture,PARP1
2e78905dd93422e9dc52ab9479ce0abcea61931d,gRNA_229,R2,TCCAGCATAGCTCTTAAAC(BC),CAGGGTCTTCGGATAGCCC,CRISPR Guide Capture,PARP1
07bb93dd62ba5445c4ad1a5c3a7ea74359f6a5a9,gRNA_230,R2,TCCAGCATAGCTCTTAAAC(BC),AGCAGCACGAGGAAGATCA,CRISPR Guide Capture,PIK3CA
b353eb68b1aa46309100ab3440f3684ba7635220,gRNA_231,R2,TCCAGCATAGCTCTTAAAC(BC),ACTCCTCCCTGCAGGAGGT,CRISPR Guide Capture,AKT1
4a0bf8e2de2d5983315461fcc0334b5a24474ac3,gRNA_232,R2,TCCAGCATAGCTCTTAAAC(BC),GGCCAGACGCTGCCGCTGC,CRISPR Guide Capture,AKT1
7185f2f7d0985b3b90fc8d8d916193797e98d22b,gRNA_233,R2,TCCAGCATAGCTCTTAAAC(BC),GTGGGACAGAGGAGCAAGG,CRISPR Guide Capture,AKT1
9ccac0f69825917c25f5aeb06dce4fd3fe990489,gRNA_234,R2,TCCAGCATAGCTCTTAAAC(BC),AGCACCCTCTCCTGGGGGT,CRISPR Guide Capture,AKT1
0d3896e40dc807793eaaf39f0325183045b55886,gRNA_235,R2,TCCAGCATAGCTCTTAAAC(BC),GGTCGGGCTCACCCAGTGA,CRISPR Guide Capture,AKT1
7b51e1551d75ebd26854a10b4553e19e96b3b98c,gRNA_236,R2,TCCAGCATAGCTCTTAAAC(BC),GTCTACTTCCTCTGTGATG,CRISPR Guide Capture,BCL2
34d468ce918eddd6d9444e74de76e806148eb34e,gRNA_237,R2,TCCAGCATAGCTCTTAAAC(BC),CTTTGGCAGTAAATAGCTG,CRISPR Guide Capture,BCL2
b0667d1b2aa4d4d4bf5f6f4da098c4961f418bab,gRNA_238,R2,TCCAGCATAGCTCTTAAAC(BC),GAGACTCAGGGCTTATCTC,CRISPR Guide Capture,BCL2
49e1d46c550b281814feb163bb8f5d596906a815,gRNA_239,R2,TCCAGCATAGCTCTTAAAC(BC),TTTGACCTTGTTTCTTGAA,CRISPR Guide Capture,BCL2
e59c424423110d84772f070dcae4e07ac2530f80,gRNA_240,R2,TCCAGCATAGCTCTTAAAC(BC),AGCCAGCTGCACCTGACGC,CRISPR Guide Capture,BCL2
3e6364c278aaee3e46f93b34056e8d63c65bd8bc,gRNA_241,R2,TCCAGCATAGCTCTTAAAC(BC),CTCGTCCAAGAATGCAAAG,CRISPR Guide Capture,BCL2
2080758e7735ab80ac0d24f0bc7fb3c953ca8aa9,gRNA_242,R2,TCCAGCATAGCTCTTAAAC(BC),CTAACGATAGGTTTTTGTG,CRISPR Guide Capture,BRAF
eaf6cc890403334b5799267bcbfa96690ec102c9,gRNA_243,R2,TCCAGCATAGCTCTTAAAC(BC),TTCTTTAGACTGTCTCGGA,CRISPR Guide Capture,BRAF
ecb6c3cc2bd6fd95265b5287708a2b571b2ca860,gRNA_244,R2,TCCAGCATAGCTCTTAAAC(BC),CTCCATCGAGATTTCACTG,CRISPR Guide Capture,BRAF
d366eeb897459ea178883a3eb7a174fe88540b40,gRNA_245,R2,TCCAGCATAGCTCTTAAAC(BC),CACTCCATCGAGATTTCAC,CRISPR Guide Capture,BRAF
17c0eaee817b2eb7a4cad46e77456542613abc97,gRNA_246,R2,TCCAGCATAGCTCTTAAAC(BC),GATGACTTCTGGTGCCTGT,CRISPR Guide Capture,BRAF
1492f07522dafe33ff0813cff5677afc36af2f1d,gRNA_247,R2,TCCAGCATAGCTCTTAAAC(BC),GATGCACTGCGGTGAATTT,CRISPR Guide Capture,BRAF
f2a3e49728944559aabb582560570fcd549e5ed9,gRNA_248,R2,TCCAGCATAGCTCTTAAAC(BC),CGTTTTTTTAGGAGCTCAG,CRISPR Guide Capture,BRAF
06659d691da7cc8e80ebce934b67fd3cc5469f09,gRNA_249,R2,TCCAGCATAGCTCTTAAAC(BC),TGATAGGAACTGTTAATTA,CRISPR Guide Capture,BRAF
dfcacc13dc88be47f0725c5a453ee587dc9a1cd9,gRNA_250,R2,TCCAGCATAGCTCTTAAAC(BC),TCACCCCATTTTGGTCTCT,CRISPR Guide Capture,BRAF
4208bb330c7d43c3531a36b97771484ff90e2a44,gRNA_251,R2,TCCAGCATAGCTCTTAAAC(BC),AAACTGAGTCTATATATGT,CRISPR Guide Capture,BRAF
9aa5a867b786dffad750a0c04198d4e92cc79a3d,gRNA_252,R2,TCCAGCATAGCTCTTAAAC(BC),CATATATAGACTCAGTTTG,CRISPR Guide Capture,BRAF
509eb3ecb6267572588a0f56aefae80fdb9a2651,gRNA_253,R2,TCCAGCATAGCTCTTAAAC(BC),AGTTCATTCTCCAGCACCG,CRISPR Guide Capture,BRAF
7c98658ec5ba923972327f2152c3cc4d7e850196,gRNA_254,R2,TCCAGCATAGCTCTTAAAC(BC),AGCCGAGTTCATTCTCCAG,CRISPR Guide Capture,BRAF
83879143339b567b79ca0a1650a4950fdad095ee,gRNA_255,R2,TCCAGCATAGCTCTTAAAC(BC),GTCATCAGTTGTTTTTATA,CRISPR Guide Capture,BRAF
8f20f87fbe0a4237951ad6f169433d80b20f6ade,gRNA_256,R2,TCCAGCATAGCTCTTAAAC(BC),TTAGCATTTTGTGACTTTT,CRISPR Guide Capture,BRAF
29253830231c2332db74cc174d51c79247c4e1c5,gRNA_257,R2,TCCAGCATAGCTCTTAAAC(BC),TCGGCTGCGGACCCTGCCA,CRISPR Guide Capture,BRAF
418635a115f20883d8299e862731f17ed0a6ac70,gRNA_258,R2,TCCAGCATAGCTCTTAAAC(BC),GTGGTGGCGGCGCGGAGCC,CRISPR Guide Capture,BRAF
3e5d9d6f191a748abddb34f4ff5891057a4a17c4,gRNA_259,R2,TCCAGCATAGCTCTTAAAC(BC),AGCACTAGAAGGGAGAGTG,CRISPR Guide Capture,EGFR
7bdc41e8892fb2989740027474832382c3014fda,gRNA_260,R2,TCCAGCATAGCTCTTAAAC(BC),GCCTCTGAACCCCGCGCCC,CRISPR Guide Capture,EGFR
1cd0d400e9693b76e94c2f54574b43fd6bc69176,gRNA_261,R2,TCCAGCATAGCTCTTAAAC(BC),ACAATTCCACCGTGGCTTG,CRISPR Guide Capture,EGFR
1e7cc304ae0931359d6f5d5dad404909e5b4dca8,gRNA_262,R2,TCCAGCATAGCTCTTAAAC(BC),AGCGAGATCTCCTCCATCC,CRISPR Guide Capture,EGFR
b006be11b2a9727da3c0efe21c1867707d1c3bbb,gRNA_263,R2,TCCAGCATAGCTCTTAAAC(BC),GTGCCATCCAAACTGCACC,CRISPR Guide Capture,EGFR
ff5f581a22d44c27fe576a628070b2ce783e0459,gRNA_264,R2,TCCAGCATAGCTCTTAAAC(BC),GCGTCTCTTGCCGGAATGT,CRISPR Guide Capture,EGFR
9de0587f0cf11dc7a5f1df3dd299de04960c4c29,gRNA_265,R2,TCCAGCATAGCTCTTAAAC(BC),GCCACTGGATGCTCTCCAC,CRISPR Guide Capture,EGFR
5150133f42b85de1aaed0385300c87cef38f15ed,gRNA_266,R2,TCCAGCATAGCTCTTAAAC(BC),GTTGAGCAGGTACTGGGAG,CRISPR Guide Capture,EGFR
02e1947afa51f37cc86c3ec0e4673ea2b6491940,gRNA_267,R2,TCCAGCATAGCTCTTAAAC(BC),GGTCCCTCATTGCACTGTA,CRISPR Guide Capture,KRAS
5816f66a4eea18d517dcfe1938fa4b7059612159,gRNA_268,R2,TCCAGCATAGCTCTTAAAC(BC),TGTACTGGTCCCTCATTGC,CRISPR Guide Capture,KRAS
1094cbd552babee6908a4086d305fdd653c72732,gRNA_269,R2,TCCAGCATAGCTCTTAAAC(BC),CATGTACTGGTCCCTCATT,CRISPR Guide Capture,KRAS
37bffc41bb6c67d3816c5a1e876b9a3c86be6f98,gRNA_270,R2,TCCAGCATAGCTCTTAAAC(BC),TAACTCTTTTAATTTGTTC,CRISPR Guide Capture,KRAS
44c2fe4e5a2d2fc9fb92800849cd390a92de2f87,gRNA_271,R2,TCCAGCATAGCTCTTAAAC(BC),AAGAGTTTGAGATGACTTC,CRISPR Guide Capture,KRAS
48610ae7a723ccda2f2c25125c27be9e86828c14,gRNA_272,R2,TCCAGCATAGCTCTTAAAC(BC),AAGTTTCTATGTATATATT,CRISPR Guide Capture,KRAS
5ecc89cd8ba4e7219ccb0f3b257f57004c19777b,gRNA_273,R2,TCCAGCATAGCTCTTAAAC(BC),TTGTGCTTTCTTTTGTGGG,CRISPR Guide Capture,KRAS
f6d45c7c2a7919425e16cae85119222c291dc319,gRNA_274,R2,TCCAGCATAGCTCTTAAAC(BC),AATCCATTAGCGACAGTAG,CRISPR Guide Capture,KRAS
0127e1d109739d3ac14fde2bc7c13424f219e210,gRNA_275,R2,TCCAGCATAGCTCTTAAAC(BC),GGGCTCAAGAGAATCTGAC,CRISPR Guide Capture,KRAS
8723a6d469f33a8e1aa21d4674ff5e20ae74fc83,gRNA_276,R2,TCCAGCATAGCTCTTAAAC(BC),ATGCTGTTGTAAACAACGT,CRISPR Guide Capture,MAP2K1
31ab95ba6ccec0784d82fdacccda627e04df3479,gRNA_277,R2,TCCAGCATAGCTCTTAAAC(BC),GGATTCTTTGACATTTGGT,CRISPR Guide Capture,MAP2K1
a959d556e3323696f3c2ace44f08440337532992,gRNA_278,R2,TCCAGCATAGCTCTTAAAC(BC),TGTCGCTTTTGGGCCTCCT,CRISPR Guide Capture,MAP2K1
979905fde124e0c7338fabceac5959494c0146d9,gRNA_279,R2,TCCAGCATAGCTCTTAAAC(BC),CCGCGCGGTCCCGTCAGCG,CRISPR Guide Capture,MAP2K1
d1cd22a4404e8c7cfbefce97db9267dce3338435,gRNA_280,R2,TCCAGCATAGCTCTTAAAC(BC),CGATGTACGGAGAGTTGCA,CRISPR Guide Capture,MAP2K1
93f7b51ebda50e4bdb4a1f4606568600afaa5fe3,gRNA_281,R2,TCCAGCATAGCTCTTAAAC(BC),GACCTTGGCTTTCTGGGTG,CRISPR Guide Capture,MAP2K2
abf9b726ad1290f85713fe5d92edf01fa2cac62d,gRNA_282,R2,TCCAGCATAGCTCTTAAAC(BC),CCGACCTTGGCTTTCTGGG,CRISPR Guide Capture,MAP2K2
b82885d316de4cc679671ca008584bb88c7292bc,gRNA_283,R2,TCCAGCATAGCTCTTAAAC(BC),ATGTACGGCGAGTTGCATT,CRISPR Guide Capture,MAP2K2
39eee2289c2ad4900493cbf4eafd479014491214,gRNA_284,R2,TCCAGCATAGCTCTTAAAC(BC),CGATGTACGGCGAGTTGCA,CRISPR Guide Capture,MAP2K2
01828751a04654baea02dda53eb26ed34b9e6fc7,gRNA_285,R2,TCCAGCATAGCTCTTAAAC(BC),GTAGAAGGCCCCGTAGAAG,CRISPR Guide Capture,MAP2K2
20c42bf9fd87adcafa846cab189aa5ca23fc5957,gRNA_286,R2,TCCAGCATAGCTCTTAAAC(BC),AGAGGGCACACAAGGAGTG,CRISPR Guide Capture,MAP2K2
bf6ae66196232555a9293832ef1f7668a694ed22,gRNA_287,R2,TCCAGCATAGCTCTTAAAC(BC),CGGCCAGGACGGGCAGGAG,CRISPR Guide Capture,MAP2K2
450c1564b3afcee809669fe9954df839ffe2cdee,gRNA_288,R2,TCCAGCATAGCTCTTAAAC(BC),TTCGTGGGCACGCGCTCCT,CRISPR Guide Capture,MAP2K2
a34e8e62464c2ea47d7aee83773efa28f1b4201e,gRNA_289,R2,TCCAGCATAGCTCTTAAAC(BC),CTAGAGGGGAGATCAAGCT,CRISPR Guide Capture,MAP2K2
71a8283c7c8eff68e834baad2789b383d4a1ce97,gRNA_290,R2,TCCAGCATAGCTCTTAAAC(BC),AGATGTGAAGCCCTCCAAC,CRISPR Guide Capture,MAP2K2
8b8ec1a3a320c56135d92c649e32c2b7b4b4c46f,gRNA_291,R2,TCCAGCATAGCTCTTAAAC(BC),CCAGATGTGAAGCCCTCCA,CRISPR Guide Capture,MAP2K2
3dbaaca8d16ce51c7bbc1624208554f839d22739,gRNA_292,R2,TCCAGCATAGCTCTTAAAC(BC),TCCAGATGTGAAGCCCTCC,CRISPR Guide Capture,MAP2K2
52d65dd02059355a9a750517efd56d9bd3d0717b,gRNA_293,R2,TCCAGCATAGCTCTTAAAC(BC),TGGGCTTCTACGGGGCCTT,CRISPR Guide Capture,MAP2K2
9f3815aa5763d1b016eb62f50617b26693d86a1b,gRNA_294,R2,TCCAGCATAGCTCTTAAAC(BC),TTTTTTGTGATTTATTTTG,CRISPR Guide Capture,MYC
5dd07f178903fa087903fd19bc55602e187d6f9b,gRNA_295,R2,TCCAGCATAGCTCTTAAAC(BC),GTTGAAATGGGTCTGGGGG,CRISPR Guide Capture,MYC
41d4d4ba2dd750723ac3e952c9a5efcdde2fd8e4,gRNA_296,R2,TCCAGCATAGCTCTTAAAC(BC),AGCTGCTGGGAGGAGACAT,CRISPR Guide Capture,MYC
b0dafe3968e81f5e37e32a14a898713e142cdc64,gRNA_297,R2,TCCAGCATAGCTCTTAAAC(BC),GCAGAGCGAGCTGCAGCCC,CRISPR Guide Capture,MYC
a42999c2d07a535fdce18ea4b63bdeab5ce34ee2,gRNA_298,R2,TCCAGCATAGCTCTTAAAC(BC),GCCTGGTAGGAGGCCAGCT,CRISPR Guide Capture,MYC
da647c3dc352398bd34a5a34906b9ebe37a4cb6a,gRNA_299,R2,TCCAGCATAGCTCTTAAAC(BC),TTTTCTCTTTCTGAAGGAG,CRISPR Guide Capture,PARP1
73a1de7b695489f27e6bcfdfeb7d1c747bc04a28,gRNA_300,R2,TCCAGCATAGCTCTTAAAC(BC),TCGCAGGGAAGGAGGGCAC,CRISPR Guide Capture,PARP1
d09e73c11a742a8abcb50711b82c404586daef59,gRNA_301,R2,TCCAGCATAGCTCTTAAAC(BC),TCCCCCCGAGTTTCTCAAT,CRISPR Guide Capture,PARP1
82f803173590d89d96a406304b94936890c235fc,gRNA_302,R2,TCCAGCATAGCTCTTAAAC(BC),GCCTTTTGCTCAGCTTCCC,CRISPR Guide Capture,PARP1
08d29fc73aa759097f5d9b14e3fbb395e2a467a3,gRNA_303,R2,TCCAGCATAGCTCTTAAAC(BC),AAGGGCTAATAGTAATACT,CRISPR Guide Capture,PARP1
1eeaaea82823a72c4291d15ba69faf144c95e24e,gRNA_304,R2,TCCAGCATAGCTCTTAAAC(BC),ACAAATATACTTACCCAAG,CRISPR Guide Capture,PARP1
7b48d3b6a52e5f9960c1f1a030a7adeb47dbb41c,gRNA_305,R2,TCCAGCATAGCTCTTAAAC(BC),CATATGGTTTTTCCTGCAG,CRISPR Guide Capture,PARP1
0ff1876bf7d88ab04b90b9f9de0ddf0bfcc977d9,gRNA_306,R2,TCCAGCATAGCTCTTAAAC(BC),TGGGCTTCGAATTGCCCCA,CRISPR Guide Capture,PARP2
9ddcfbbb994ca1d6906946e991a23690a8950484,gRNA_307,R2,TCCAGCATAGCTCTTAAAC(BC),TGTACCCGAAGATCTAGCT,CRISPR Guide Capture,PARP2
f7c7cf91c0f6650648d24691711c7e89f0da8b68,gRNA_308,R2,TCCAGCATAGCTCTTAAAC(BC),AGAAGTTTGGCCTGTGACT,CRISPR Guide Capture,PIK3CA
efc650e0a4d6a4a9feb7be319dbe9176411d40c6,gRNA_309,R2,TCCAGCATAGCTCTTAAAC(BC),TTTTAATGATGGCCCAGAA,CRISPR Guide Capture,PIK3CA
e1cd36dcc7a77b3dfa09e7b05244ad428d22e6e3,gRNA_310,R2,TCCAGCATAGCTCTTAAAC(BC),TTTTGTTCTCTCTTCTTCA,CRISPR Guide Capture,PIK3CA
fd5685e42d4b11c3f0791b202446aca5f81cceaa,gRNA_311,R2,TCCAGCATAGCTCTTAAAC(BC),TTCTACCATATTCTCAGCT,CRISPR Guide Capture,PIK3CA
576759602f222a9f5395038159946d0fe0dd46d8,gRNA_312,R2,TCCAGCATAGCTCTTAAAC(BC),GAAAGTTTGATGGTAGAAA,CRISPR Guide Capture,PIK3CA
c3c3381662f701b2f9c4604760015c6f025a5ed3,gRNA_313,R2,TCCAGCATAGCTCTTAAAC(BC),TTTTAATAAATCAAACCTT,CRISPR Guide Capture,PIK3CA
14a689fa9fac0906aaabe5e3b082c7fc58e9f6c1,gRNA_314,R2,TCCAGCATAGCTCTTAAAC(BC),GGGTAATAGTTTCTCCAAA,CRISPR Guide Capture,PIK3CA
e5192a24620bd0786dd8a6743138a807620b73d4,gRNA_315,R2,TCCAGCATAGCTCTTAAAC(BC),TTACCTGGGATTGGAACAA,CRISPR Guide Capture,PIK3CA
69749903cde964268c47214c0c9ad68b34d8ed89,gRNA_316,R2,TCCAGCATAGCTCTTAAAC(BC),GAAATACTTTACCTCTTTA,CRISPR Guide Capture,PIK3CA
a6856fed5166a1f6c0811d9d679f36c544ad187d,gRNA_317,R2,TCCAGCATAGCTCTTAAAC(BC),CTAAGCATGGAGTTTCCTA,CRISPR Guide Capture,PIK3CA
9d9f6e56d0bab73b30d5b8eef400bc1f55180216,gRNA_318,R2,TCCAGCATAGCTCTTAAAC(BC),TGCTCAGTGATTTCAGAGA,CRISPR Guide Capture,PIK3CA
7cad9d4a95a9a55ac707395fcb2d438a79fa37cd,gRNA_319,R2,TCCAGCATAGCTCTTAAAC(BC),ATATGAAACAGCTTTCAAA,CRISPR Guide Capture,PIK3CA
6034219e040dd7b9c2e6224f5d36039f1bdd9e07,gRNA_455,R2,TCCAGCATAGCTCTTAAAC(BC),GTGCCTGGTGAGTGGCTTG,CRISPR Guide Capture,EGFR
34131bd6ecb323bf952225a891399241b58b3131,gRNA_456,R2,TCCAGCATAGCTCTTAAAC(BC),AGTGCCTGGTGAGTGGCTT,CRISPR Guide Capture,EGFR
97f1ea62c033f39d53ece6cfb5dff7dcbabe0700,gRNA_457,R2,TCCAGCATAGCTCTTAAAC(BC),AAGACAATATTGGCTCCCA,CRISPR Guide Capture,EGFR
798592f4836a4ccaabfc680e3938d4190d13be8d,gRNA_458,R2,TCCAGCATAGCTCTTAAAC(BC),CAAAGACAATATTGGCTCC,CRISPR Guide Capture,EGFR
c8272d5150253fdc26ab51a8210a4a3d12fee88c,gRNA_459,R2,TCCAGCATAGCTCTTAAAC(BC),AGCTCTCTTGAGGATCTTG,CRISPR Guide Capture,EGFR
1f6c7e36b5a4a202eb7cd393ecdd970c52329a5b,gRNA_460,R2,TCCAGCATAGCTCTTAAAC(BC),AAGCTCTCTTGAGGATCTT,CRISPR Guide Capture,EGFR
9863b3d38a020f292539f4589b1a2fc557d9419b,gRNA_461,R2,TCCAGCATAGCTCTTAAAC(BC),TTTTGAATTCAGTTTCCTT,CRISPR Guide Capture,EGFR
b224a9601e40de2ac9ec96622a3fd653fdeae31f,gRNA_462,R2,TCCAGCATAGCTCTTAAAC(BC),GGAGCCCAGCACTTTGATC,CRISPR Guide Capture,EGFR
2b9c53da7c241534e5105ed3e8085e5b0c688c4b,gRNA_463,R2,TCCAGCATAGCTCTTAAAC(BC),CCGGAGCCCAGCACTTTGA,CRISPR Guide Capture,EGFR
b6d43edefa8e4fad712ee957621f652ea3361fcb,gRNA_464,R2,TCCAGCATAGCTCTTAAAC(BC),CGTCGTCCATGTCTTCTTC,CRISPR Guide Capture,EGFR
2ce59f84494bdc54a6a498b0742dc4236f9c0b77,gRNA_465,R2,TCCAGCATAGCTCTTAAAC(BC),ACGTCGTCCATGTCTTCTT,CRISPR Guide Capture,EGFR
ed8be53ea27f3c3f486add7bc4f7864213a85b2b,gRNA_466,R2,TCCAGCATAGCTCTTAAAC(BC),GCTGTGGGATGAGGTACTC,CRISPR Guide Capture,EGFR
96763c1911e011249b6cff83b86c39dd5d046250,gRNA_467,R2,TCCAGCATAGCTCTTAAAC(BC),TTTGATGACATTGCATACA,CRISPR Guide Capture,PIK3CA
cf105a261cafe8fa38a989dad04a2ea985f61beb,gRNA_468,R2,TCCAGCATAGCTCTTAAAC(BC),TCAGGTGAACTGTGGGGCA,CRISPR Guide Capture,PIK3CA
209aa9368fbcae3a4dab011e2463ecdd352841aa,gRNA_469,R2,TCCAGCATAGCTCTTAAAC(BC),TCATCAGGTGAACTGTGGG,CRISPR Guide Capture,PIK3CA
87793c32e206ef1142ebff66225d44b85d0927dd,gRNA_470,R2,TCCAGCATAGCTCTTAAAC(BC),TGTCTTTGTGCATTCTTGG,CRISPR Guide Capture,PIK3CA
